InvoiceDate,Sales,Year,Month,Day,DayOfWeek,WeekOfYear,Lag_1,Lag_7,Rolling_7
2010-12-08,45235.36,2010,12,8,2,49,99553.85,58776.79,46472.291428571436
2010-12-09,53548.19,2010,12,9,3,49,45235.36,47629.42,47317.83
2010-12-10,59021.02,2010,12,10,4,49,53548.19,46898.63,49049.6
2010-12-11,0.0,2010,12,11,5,49,59021.02,0.0,49049.59999999999
2010-12-12,17125.65,2010,12,12,6,49,0.0,31364.63,47015.46000000001
2010-12-13,37942.37,2010,12,13,0,50,17125.65,54624.15,44632.34857142857
2010-12-14,45167.56,2010,12,14,1,50,37942.37,99553.85,36862.87857142857
2010-12-15,30384.37,2010,12,15,2,50,45167.56,45235.36,34741.30857142857
2010-12-16,49114.14,2010,12,16,3,50,30384.37,53548.19,34107.87285714286
2010-12-17,45338.13,2010,12,17,4,50,49114.14,59021.02,32153.174285714285
2010-12-18,0.0,2010,12,18,5,50,45338.13,0.0,32153.174285714285
2010-12-19,7410.47,2010,12,19,6,50,0.0,17125.65,30765.29142857143
2010-12-20,26766.23,2010,12,20,0,51,7410.47,37942.37,29168.7
2010-12-21,47279.89,2010,12,21,1,51,26766.23,45167.56,29470.46142857143
2010-12-22,6199.97,2010,12,22,2,51,47279.89,30384.37,26015.547142857144
2010-12-23,12071.91,2010,12,23,3,51,6199.97,49114.14,20723.8
2010-12-24,0.0,2010,12,24,4,51,12071.91,45338.13,14246.924285714285
2010-12-25,0.0,2010,12,25,5,51,0.0,0.0,14246.924285714285
2010-12-26,0.0,2010,12,26,6,51,0.0,7410.47,13188.285714285716
2010-12-27,0.0,2010,12,27,0,52,0.0,26766.23,9364.538571428571
2010-12-28,0.0,2010,12,28,1,52,0.0,47279.89,2610.2685714285717
2010-12-29,0.0,2010,12,29,2,52,0.0,6199.97,1724.5585714285714
2010-12-30,0.0,2010,12,30,3,52,0.0,12071.91,0.0
2010-12-31,0.0,2010,12,31,4,52,0.0,0.0,0.0
2011-01-01,0.0,2011,1,1,5,52,0.0,0.0,0.0
2011-01-02,0.0,2011,1,2,6,52,0.0,0.0,0.0
2011-01-03,0.0,2011,1,3,0,1,0.0,0.0,0.0
2011-01-04,16005.73,2011,1,4,1,1,0.0,0.0,2286.532857142857
2011-01-05,32630.27,2011,1,5,2,1,16005.73,0.0,6948.0
2011-01-06,40366.45,2011,1,6,3,1,32630.27,0.0,12714.635714285714
2011-01-07,28836.59,2011,1,7,4,1,40366.45,0.0,16834.14857142857
2011-01-08,0.0,2011,1,8,5,1,28836.59,0.0,16834.14857142857
2011-01-09,15590.68,2011,1,9,6,1,0.0,0.0,19061.38857142857
2011-01-10,24553.07,2011,1,10,0,2,15590.68,0.0,22568.97
2011-01-11,68630.54,2011,1,11,1,2,24553.07,16005.73,30086.799999999996
2011-01-12,24664.579999999998,2011,1,12,2,2,68630.54,32630.27,28948.844285714284
2011-01-13,20612.79,2011,1,13,3,2,24664.579999999998,40366.45,26126.89285714285
2011-01-14,47554.58,2011,1,14,4,2,20612.79,28836.59,28800.891428571427
2011-01-15,0.0,2011,1,15,5,2,47554.58,0.0,28800.891428571427
2011-01-16,6976.39,2011,1,16,6,2,0.0,15590.68,27570.278571428567
2011-01-17,29262.72,2011,1,17,0,3,6976.39,24553.07,28243.08571428571
2011-01-18,95947.73000000001,2011,1,18,1,3,29262.72,68630.54,32145.54142857143
2011-01-19,25874.57,2011,1,19,2,3,95947.73000000001,24664.579999999998,32318.397142857146
2011-01-20,21199.34,2011,1,20,3,3,25874.57,20612.79,32402.190000000002
2011-01-21,32636.55,2011,1,21,4,3,21199.34,47554.58,30271.042857142857
2011-01-22,0.0,2011,1,22,5,3,32636.55,0.0,30271.042857142857
2011-01-23,10306.1,2011,1,23,6,3,0.0,6976.39,30746.715714285714
2011-01-24,25494.49,2011,1,24,0,4,10306.1,29262.72,30208.397142857146
2011-01-25,28952.55,2011,1,25,1,4,25494.49,95947.73000000001,20637.657142857144
2011-01-26,19855.92,2011,1,26,2,4,28952.55,25874.57,19777.85
2011-01-27,23624.3,2011,1,27,3,4,19855.92,21199.34,20124.272857142856
2011-01-28,20064.35,2011,1,28,4,4,23624.3,32636.55,18328.244285714285
2011-01-29,0.0,2011,1,29,5,4,20064.35,0.0,18328.244285714285
2011-01-30,6542.61,2011,1,30,6,4,0.0,10306.1,17790.602857142858
2011-01-31,23628.71,2011,1,31,0,5,6542.61,25494.49,17524.062857142857
2011-02-01,29013.29,2011,2,1,1,5,23628.71,28952.55,17532.739999999998
2011-02-02,21162.12,2011,2,2,2,5,29013.29,19855.92,17719.34
2011-02-03,23467.73,2011,2,3,3,5,21162.12,23624.3,17696.972857142857
2011-02-04,25135.84,2011,2,4,4,5,23467.73,20064.35,18421.47142857143
2011-02-05,0.0,2011,2,5,5,5,25135.84,0.0,18421.47142857143
2011-02-06,3439.67,2011,2,6,6,5,0.0,6542.61,17978.194285714286
2011-02-07,25922.97,2011,2,7,0,6,3439.67,23628.71,18305.945714285714
2011-02-08,20935.23,2011,2,8,1,6,25922.97,29013.29,17151.937142857143
2011-02-09,16682.63,2011,2,9,2,6,20935.23,21162.12,16512.010000000002
2011-02-10,14853.31,2011,2,10,3,6,16682.63,23467.73,15281.378571428571
2011-02-11,22853.6,2011,2,11,4,6,14853.31,25135.84,14955.344285714285
2011-02-12,0.0,2011,2,12,5,6,22853.6,0.0,14955.344285714285
2011-02-13,5645.48,2011,2,13,6,6,0.0,3439.67,15270.460000000001
2011-02-14,26668.91,2011,2,14,0,7,5645.48,25922.97,15377.022857142858
2011-02-15,39841.71,2011,2,15,1,7,26668.91,20935.23,18077.948571428573
2011-02-16,24863.85,2011,2,16,2,7,39841.71,16682.63,19246.694285714282
2011-02-17,26357.52,2011,2,17,3,7,24863.85,14853.31,20890.152857142857
2011-02-18,16184.42,2011,2,18,4,7,26357.52,22853.6,19937.412857142856
2011-02-19,0.0,2011,2,19,5,7,16184.42,0.0,19937.412857142856
2011-02-20,9437.8,2011,2,20,6,7,0.0,5645.48,20479.17285714286
2011-02-21,36311.4,2011,2,21,0,8,9437.8,26668.91,21856.67142857143
2011-02-22,32454.5,2011,2,22,1,8,36311.4,39841.71,20801.355714285713
2011-02-23,26859.5,2011,2,23,2,8,32454.5,24863.85,21086.44857142857
2011-02-24,22800.89,2011,2,24,3,8,26859.5,26357.52,20578.358571428573
2011-02-25,20595.19,2011,2,25,4,8,22800.89,16184.42,21208.46857142857
2011-02-26,0.0,2011,2,26,5,8,20595.19,0.0,21208.46857142857
2011-02-27,9382.71,2011,2,27,6,8,0.0,9437.8,21200.598571428567
2011-02-28,21675.29,2011,2,28,0,9,9382.71,36311.4,19109.725714285712
2011-03-01,26344.68,2011,3,1,1,9,21675.29,32454.5,18236.894285714287
2011-03-02,18669.94,2011,3,2,2,9,26344.68,26859.5,17066.957142857143
2011-03-03,36367.14,2011,3,3,3,9,18669.94,22800.89,19004.992857142854
2011-03-04,19486.88,2011,3,4,4,9,36367.14,20595.19,18846.66285714286
2011-03-05,0.0,2011,3,5,5,9,19486.88,0.0,18846.66285714286
2011-03-06,9959.62,2011,3,6,6,9,0.0,9382.71,18929.07857142857
2011-03-07,32318.72,2011,3,7,0,10,9959.62,21675.29,20449.568571428572
2011-03-08,25035.12,2011,3,8,1,10,32318.72,26344.68,20262.48857142857
2011-03-09,22013.2,2011,3,9,2,10,25035.12,18669.94,20740.097142857143
2011-03-10,26118.27,2011,3,10,3,10,22013.2,36367.14,19275.972857142857
2011-03-11,25473.93,2011,3,11,4,10,26118.27,19486.88,20131.265714285717
2011-03-12,0.0,2011,3,12,5,10,25473.93,0.0,20131.265714285717
2011-03-13,4117.22,2011,3,13,6,10,0.0,9959.62,19296.63714285714
2011-03-14,25876.63,2011,3,14,0,11,4117.22,32318.72,18376.338571428572
2011-03-15,23453.34,2011,3,15,1,11,25876.63,25035.12,18150.37
2011-03-16,21842.81,2011,3,16,2,11,23453.34,22013.2,18126.028571428575
2011-03-17,39852.51,2011,3,17,3,11,21842.81,26118.27,20088.062857142857
2011-03-18,28107.65,2011,3,18,4,11,39852.51,25473.93,20464.308571428573
2011-03-19,0.0,2011,3,19,5,11,28107.65,0.0,20464.308571428573
2011-03-20,21949.68,2011,3,20,6,11,0.0,4117.22,23011.802857142855
2011-03-21,16679.47,2011,3,21,0,12,21949.68,25876.63,21697.92285714286
2011-03-22,31468.23,2011,3,22,1,12,16679.47,23453.34,22842.907142857144
2011-03-23,24078.89,2011,3,23,2,12,31468.23,21842.81,23162.347142857147
2011-03-24,36496.79,2011,3,24,3,12,24078.89,39852.51,22682.958571428575
2011-03-25,31362.56,2011,3,25,4,12,36496.79,28107.65,23147.945714285717
2011-03-26,0.0,2011,3,26,5,12,31362.56,0.0,23147.945714285717
2011-03-27,9206.72,2011,3,27,6,12,0.0,21949.68,21327.522857142856
2011-03-28,23133.23,2011,3,28,0,13,9206.72,16679.47,22249.48857142857
2011-03-29,70711.92,2011,3,29,1,13,23133.23,31468.23,27855.730000000003
2011-03-30,31821.71,2011,3,30,2,13,70711.92,24078.89,28961.847142857143
2011-03-31,34268.4,2011,3,31,3,13,31821.71,36496.79,28643.50571428572
2011-04-01,25565.64,2011,4,1,4,13,34268.4,31362.56,27815.374285714286
2011-04-02,0.0,2011,4,2,5,13,25565.64,0.0,27815.374285714286
2011-04-03,6897.18,2011,4,3,6,13,0.0,9206.72,27485.44
2011-04-04,33234.48,2011,4,4,0,14,6897.18,23133.23,28928.475714285716
2011-04-05,30052.82,2011,4,5,1,14,33234.48,70711.92,23120.032857142858
2011-04-06,17338.36,2011,4,6,2,14,30052.82,31821.71,21050.98285714286
2011-04-07,18465.44,2011,4,7,3,14,17338.36,34268.4,18793.417142857146
2011-04-08,25240.59,2011,4,8,4,14,18465.44,25565.64,18746.981428571427
2011-04-09,0.0,2011,4,9,5,14,25240.59,0.0,18746.981428571427
2011-04-10,9879.75,2011,4,10,6,14,0.0,6897.18,19173.062857142857
2011-04-11,22345.93,2011,4,11,0,15,9879.75,33234.48,17617.555714285714
2011-04-12,25534.94,2011,4,12,1,15,22345.93,30052.82,16972.144285714287
2011-04-13,24450.27,2011,4,13,2,15,25534.94,17338.36,17988.131428571425
2011-04-14,36084.1,2011,4,14,3,15,24450.27,18465.44,20505.08285714286
2011-04-15,28311.821,2011,4,15,4,15,36084.1,25240.59,20943.830142857147
2011-04-16,0.0,2011,4,16,5,15,28311.821,0.0,20943.830142857147
2011-04-17,12630.34,2011,4,17,6,15,0.0,9879.75,21336.771571428573
2011-04-18,55983.99,2011,4,18,0,16,12630.34,22345.93,26142.208714285716
2011-04-19,24296.85,2011,4,19,1,16,55983.99,25534.94,25965.338714285714
2011-04-20,28667.32,2011,4,20,2,16,24296.85,24450.27,26567.77442857143
2011-04-21,32582.2,2011,4,21,3,16,28667.32,36084.1,26067.503
2011-04-22,0.0,2011,4,22,4,16,32582.2,28311.821,22022.957142857143
2011-04-23,0.0,2011,4,23,5,16,0.0,0.0,22022.957142857143
2011-04-24,0.0,2011,4,24,6,16,0.0,12630.34,20218.62285714286
2011-04-25,0.0,2011,4,25,0,17,0.0,55983.99,12220.91
2011-04-26,30999.88,2011,4,26,1,17,0.0,24296.85,13178.485714285713
2011-04-27,25916.15,2011,4,27,2,17,30999.88,28667.32,12785.46142857143
2011-04-28,22490.44,2011,4,28,3,17,25916.15,32582.2,11343.781428571428
2011-04-29,0.0,2011,4,29,4,17,22490.44,0.0,11343.781428571428
2011-04-30,0.0,2011,4,30,5,17,0.0,0.0,11343.781428571428
2011-05-01,6958.11,2011,5,1,6,17,0.0,0.0,12337.797142857144
2011-05-02,0.0,2011,5,2,0,18,6958.11,0.0,12337.797142857144
2011-05-03,35196.21,2011,5,3,1,18,0.0,30999.88,12937.272857142858
2011-05-04,27521.96,2011,5,4,2,18,35196.21,25916.15,13166.674285714285
2011-05-05,29133.41,2011,5,5,3,18,27521.96,22490.44,14115.669999999998
2011-05-06,36122.98,2011,5,6,4,18,29133.41,0.0,19276.09571428571
2011-05-07,0.0,2011,5,7,5,18,36122.98,0.0,19276.09571428571
2011-05-08,18731.98,2011,5,8,6,18,0.0,6958.11,20958.077142857142
2011-05-09,27883.46,2011,5,9,0,19,18731.98,0.0,24941.428571428572
2011-05-10,47756.53,2011,5,10,1,19,27883.46,35196.21,26735.760000000002
2011-05-11,33647.85,2011,5,11,2,19,47756.53,27521.96,27610.887142857147
2011-05-12,61829.27,2011,5,12,3,19,33647.85,29133.41,32281.72428571429
2011-05-13,30679.84,2011,5,13,4,19,61829.27,36122.98,31504.132857142857
2011-05-14,0.0,2011,5,14,5,19,30679.84,0.0,31504.132857142857
2011-05-15,9911.38,2011,5,15,6,19,0.0,18731.98,30244.04714285714
2011-05-16,39651.28,2011,5,16,0,20,9911.38,27883.46,31925.164285714283
2011-05-17,55106.99,2011,5,17,1,20,39651.28,47756.53,32975.229999999996
2011-05-18,34376.26,2011,5,18,2,20,55106.99,33647.85,33079.28857142857
2011-05-19,35567.71,2011,5,19,3,20,34376.26,61829.27,29327.63714285714
2011-05-20,26579.95,2011,5,20,4,20,35567.71,30679.84,28741.93857142857
2011-05-21,0.0,2011,5,21,5,20,26579.95,0.0,28741.93857142857
2011-05-22,24102.0,2011,5,22,6,20,0.0,9911.38,30769.170000000002
2011-05-23,34610.64,2011,5,23,0,21,24102.0,39651.28,30049.07857142857
2011-05-24,37658.39,2011,5,24,1,21,34610.64,55106.99,27556.42142857143
2011-05-25,24393.9,2011,5,25,2,21,37658.39,34376.26,26130.37
2011-05-26,33497.03,2011,5,26,3,21,24393.9,35567.71,25834.558571428573
2011-05-27,28387.93,2011,5,27,4,21,33497.03,26579.95,26092.84142857143
2011-05-28,0.0,2011,5,28,5,21,28387.93,0.0,26092.84142857143
2011-05-29,7338.9400000000005,2011,5,29,6,21,0.0,24102.0,23698.11857142857
2011-05-30,0.0,2011,5,30,0,22,7338.9400000000005,34610.64,18753.74142857143
2011-05-31,22652.61,2011,5,31,1,22,0.0,37658.39,16610.058571428573
2011-06-01,20585.19,2011,6,1,2,22,22652.61,24393.9,16065.957142857145
2011-06-02,32800.49,2011,6,2,3,22,20585.19,33497.03,15966.451428571429
2011-06-03,16895.1,2011,6,3,4,22,32800.49,28387.93,14324.61857142857
2011-06-04,0.0,2011,6,4,5,22,16895.1,0.0,14324.61857142857
2011-06-05,25423.760000000002,2011,6,5,6,22,0.0,7338.9400000000005,16908.164285714283
2011-06-06,17767.12,2011,6,6,0,23,25423.760000000002,0.0,19446.324285714283
2011-06-07,37857.31,2011,6,7,1,23,17767.12,22652.61,21618.42428571428
2011-06-08,43194.43,2011,6,8,2,23,37857.31,20585.19,24848.315714285713
2011-06-09,46341.52,2011,6,9,3,23,43194.43,32800.49,26782.74857142857
2011-06-10,62234.439999999995,2011,6,10,4,23,46341.52,16895.1,33259.79714285714
2011-06-11,0.0,2011,6,11,5,23,62234.439999999995,0.0,33259.79714285714
2011-06-12,12441.94,2011,6,12,6,23,0.0,25423.760000000002,31405.25142857143
2011-06-13,22434.76,2011,6,13,0,24,12441.94,17767.12,32072.05714285714
2011-06-14,40447.53,2011,6,14,1,24,22434.76,37857.31,32442.088571428565
2011-06-15,48974.63,2011,6,15,2,24,40447.53,43194.43,33267.83142857142
2011-06-16,34529.01,2011,6,16,3,24,48974.63,46341.52,31580.329999999998
2011-06-17,21070.47,2011,6,17,4,24,34529.01,62234.439999999995,25699.762857142858
2011-06-18,0.0,2011,6,18,5,24,21070.47,0.0,25699.762857142858
2011-06-19,22421.48,2011,6,19,6,24,0.0,12441.94,27125.411428571424
2011-06-20,37489.24,2011,6,20,0,25,22421.48,22434.76,29276.051428571427
2011-06-21,24752.87,2011,6,21,1,25,37489.24,40447.53,27033.957142857143
2011-06-22,21799.32,2011,6,22,2,25,24752.87,48974.63,23151.769999999997
2011-06-23,25155.63,2011,6,23,3,25,21799.32,34529.01,21812.71571428571
2011-06-24,19516.29,2011,6,24,4,25,25155.63,21070.47,21590.69
2011-06-25,0.0,2011,6,25,5,25,19516.29,0.0,21590.69
2011-06-26,7032.36,2011,6,26,6,25,0.0,22421.48,19392.244285714285
2011-06-27,16985.31,2011,6,27,0,26,7032.36,37489.24,16463.11142857143
2011-06-28,35545.83,2011,6,28,1,26,16985.31,24752.87,18004.96285714286
2011-06-29,22087.47,2011,6,29,2,26,35545.83,21799.32,18046.12714285714
2011-06-30,44763.51,2011,6,30,3,26,22087.47,25155.63,20847.25285714286
2011-07-01,13632.210000000001,2011,7,1,4,26,44763.51,19516.29,20006.670000000002
2011-07-02,0.0,2011,7,2,5,26,13632.210000000001,0.0,20006.670000000002
2011-07-03,5972.7300000000005,2011,7,3,6,26,0.0,7032.36,19855.294285714288
2011-07-04,44609.03,2011,7,4,0,27,5972.7300000000005,16985.31,23801.54
2011-07-05,40754.68,2011,7,5,1,27,44609.03,35545.83,24545.661428571428
2011-07-06,26361.28,2011,7,6,2,27,40754.68,22087.47,25156.205714285716
2011-07-07,32412.43,2011,7,7,3,27,26361.28,44763.51,23391.765714285713
2011-07-08,27057.35,2011,7,8,4,27,32412.43,13632.210000000001,25309.64285714286
2011-07-09,0.0,2011,7,9,5,27,27057.35,0.0,25309.64285714286
2011-07-10,5959.54,2011,7,10,6,27,0.0,5972.7300000000005,25307.75857142857
2011-07-11,22529.66,2011,7,11,0,28,5959.54,44609.03,22153.562857142857
2011-07-12,26252.85,2011,7,12,1,28,22529.66,40754.68,20081.872857142855
2011-07-13,22620.61,2011,7,13,2,28,26252.85,26361.28,19547.49142857143
2011-07-14,33560.26,2011,7,14,3,28,22620.61,32412.43,19711.467142857146
2011-07-15,14793.83,2011,7,15,4,28,33560.26,27057.35,17959.535714285714
2011-07-16,0.0,2011,7,16,5,28,14793.83,0.0,17959.535714285714
2011-07-17,17154.26,2011,7,17,6,28,0.0,5959.54,19558.78142857143
2011-07-18,38814.88,2011,7,18,0,29,17154.26,22529.66,21885.24142857143
2011-07-19,50166.76,2011,7,19,1,29,38814.88,26252.85,25301.514285714282
2011-07-20,33252.33,2011,7,20,2,29,50166.76,22620.61,26820.33142857143
2011-07-21,32695.77,2011,7,21,3,29,33252.33,33560.26,26696.832857142854
2011-07-22,20119.97,2011,7,22,4,29,32695.77,14793.83,27457.71
2011-07-23,0.0,2011,7,23,5,29,20119.97,0.0,27457.71
2011-07-24,27080.46,2011,7,24,6,29,0.0,17154.26,28875.738571428574
2011-07-25,26876.39,2011,7,25,0,30,27080.46,38814.88,27170.239999999998
2011-07-26,21635.561,2011,7,26,1,30,26876.39,50166.76,23094.354428571427
2011-07-27,25593.74,2011,7,27,2,30,21635.561,33252.33,22000.27014285714
2011-07-28,56243.32,2011,7,28,3,30,25593.74,32695.77,25364.205857142857
2011-07-29,18716.54,2011,7,29,4,30,56243.32,20119.97,25163.715857142855
2011-07-30,0.0,2011,7,30,5,30,18716.54,0.0,25163.715857142855
2011-07-31,33209.68,2011,7,31,6,30,0.0,27080.46,26039.318714285713
2011-08-01,21358.64,2011,8,1,0,31,33209.68,26876.39,25251.068714285713
2011-08-02,26575.55,2011,8,2,1,31,21358.64,21635.561,25956.78142857143
2011-08-03,28068.2,2011,8,3,2,31,26575.55,25593.74,26310.27571428571
2011-08-04,65496.79,2011,8,4,3,31,28068.2,56243.32,27632.200000000004
2011-08-05,21417.13,2011,8,5,4,31,65496.79,18716.54,28017.99857142857
2011-08-06,0.0,2011,8,6,5,31,21417.13,0.0,28017.99857142857
2011-08-07,7543.86,2011,8,7,6,31,0.0,33209.68,24351.45285714286
2011-08-08,23363.01,2011,8,8,0,32,7543.86,21358.64,24637.791428571425
2011-08-09,27672.24,2011,8,9,1,32,23363.01,26575.55,24794.46142857143
2011-08-10,28780.05,2011,8,10,2,32,27672.24,28068.2,24896.154285714285
2011-08-11,72372.89,2011,8,11,3,32,28780.05,65496.79,25878.454285714284
2011-08-12,32231.35,2011,8,12,4,32,72372.89,21417.13,27423.342857142856
2011-08-13,0.0,2011,8,13,5,32,32231.35,0.0,27423.342857142856
2011-08-14,5701.87,2011,8,14,6,32,0.0,7543.86,27160.20142857143
2011-08-15,17235.95,2011,8,15,0,33,5701.87,23363.01,26284.907142857144
2011-08-16,19234.53,2011,8,16,1,33,17235.95,27672.24,25079.52
2011-08-17,53284.76,2011,8,17,2,33,19234.53,28780.05,28580.192857142858
2011-08-18,54059.1,2011,8,18,3,33,53284.76,72372.89,25963.937142857143
2011-08-19,17336.07,2011,8,19,4,33,54059.1,32231.35,23836.04
2011-08-20,0.0,2011,8,20,5,33,17336.07,0.0,23836.04
2011-08-21,14420.27,2011,8,21,6,33,0.0,5701.87,25081.52571428572
2011-08-22,29645.54,2011,8,22,0,34,14420.27,17235.95,26854.324285714287
2011-08-23,25978.59,2011,8,23,1,34,29645.54,19234.53,27817.76142857143
2011-08-24,48789.72,2011,8,24,2,34,25978.59,53284.76,27175.612857142864
2011-08-25,23773.43,2011,8,25,3,34,48789.72,54059.1,22849.088571428576
2011-08-26,25610.29,2011,8,26,4,34,23773.43,17336.07,24031.120000000003
2011-08-27,0.0,2011,8,27,5,34,25610.29,0.0,24031.120000000003
2011-08-28,10686.56,2011,8,28,6,34,0.0,14420.27,23497.732857142862
2011-08-29,0.0,2011,8,29,0,35,10686.56,29645.54,19262.655714285716
2011-08-30,31837.77,2011,8,30,1,35,0.0,25978.59,20099.68142857143
2011-08-31,25367.22,2011,8,31,2,35,31837.77,48789.72,16753.610000000004
2011-09-01,37358.62,2011,9,1,3,35,25367.22,23773.43,18694.35142857143
2011-09-02,42226.28,2011,9,2,4,35,37358.62,25610.29,21068.06428571429
2011-09-03,0.0,2011,9,3,5,35,42226.28,0.0,21068.06428571429
2011-09-04,17040.74,2011,9,4,6,35,0.0,10686.56,21975.80428571429
2011-09-05,36898.35,2011,9,5,0,36,17040.74,0.0,27246.997142857148
2011-09-06,28321.06,2011,9,6,1,36,36898.35,31837.77,26744.610000000004
2011-09-07,34413.53,2011,9,7,2,36,28321.06,25367.22,28036.940000000002
2011-09-08,27055.88,2011,9,8,3,36,34413.53,37358.62,26565.12
2011-09-09,30016.33,2011,9,9,4,36,27055.88,42226.28,24820.84142857143
2011-09-10,0.0,2011,9,10,5,36,30016.33,0.0,24820.84142857143
2011-09-11,35206.92,2011,9,11,6,36,0.0,17040.74,27416.010000000002
2011-09-12,29526.29,2011,9,12,0,37,35206.92,36898.35,26362.858571428573
2011-09-13,55071.3,2011,9,13,1,37,29526.29,28321.06,30184.32142857143
2011-09-14,23578.78,2011,9,14,2,37,55071.3,34413.53,28636.500000000004
2011-09-15,78151.97,2011,9,15,3,37,23578.78,27055.88,35935.94142857143
2011-09-16,27720.27,2011,9,16,4,37,78151.97,30016.33,35607.93285714286
2011-09-17,0.0,2011,9,17,5,37,27720.27,0.0,35607.93285714286
2011-09-18,15639.55,2011,9,18,6,37,0.0,35206.92,32812.59428571429
2011-09-19,49250.87,2011,9,19,0,38,15639.55,29526.29,35630.391428571435
2011-09-20,109553.9,2011,9,20,1,38,49250.87,55071.3,43413.62
2011-09-21,48529.72,2011,9,21,2,38,109553.9,23578.78,46978.04
2011-09-22,59220.41,2011,9,22,3,38,48529.72,78151.97,44273.531428571434
2011-09-23,40574.4,2011,9,23,4,38,59220.41,27720.27,46109.83571428572
2011-09-24,0.0,2011,9,24,5,38,40574.4,0.0,46109.83571428572
2011-09-25,31164.781,2011,9,25,6,38,0.0,15639.55,48327.72585714286
2011-09-26,29270.841,2011,9,26,0,39,31164.781,49250.87,45473.436
2011-09-27,36260.91,2011,9,27,1,39,29270.841,109553.9,35003.008857142864
2011-09-28,43693.08,2011,9,28,2,39,36260.91,48529.72,34312.06028571429
2011-09-29,46343.35,2011,9,29,3,39,43693.08,59220.41,32472.48028571429
2011-09-30,44347.06,2011,9,30,4,39,46343.35,40574.4,33011.43171428572
2011-10-01,0.0,2011,10,1,5,39,44347.06,0.0,33011.43171428572
2011-10-02,11531.56,2011,10,2,6,39,0.0,31164.781,30206.685857142857
2011-10-03,66243.94,2011,10,3,0,40,11531.56,29270.841,35488.55714285715
2011-10-04,48652.54,2011,10,4,1,40,66243.94,36260.91,37258.79
2011-10-05,75460.77,2011,10,5,2,40,48652.54,43693.08,41797.031428571434
2011-10-06,62761.92,2011,10,6,3,40,75460.77,46343.35,44142.541428571436
2011-10-07,53692.5,2011,10,7,4,40,62761.92,44347.06,45477.60428571429
2011-10-08,0.0,2011,10,8,5,40,53692.5,0.0,45477.60428571429
2011-10-09,12273.1,2011,10,9,6,40,0.0,11531.56,45583.53857142858
2011-10-10,48121.66,2011,10,10,0,41,12273.1,66243.94,42994.641428571435
2011-10-11,52537.31,2011,10,11,1,41,48121.66,48652.54,43549.60857142858
2011-10-12,32083.11,2011,10,12,2,41,52537.31,75460.77,37352.8
2011-10-13,37232.47,2011,10,13,3,41,32083.11,62761.92,33705.73571428572
2011-10-14,36294.58,2011,10,14,4,41,37232.47,53692.5,31220.318571428572
2011-10-15,0.0,2011,10,15,5,41,36294.58,0.0,31220.318571428576
2011-10-16,21767.94,2011,10,16,6,41,0.0,12273.1,32576.724285714292
2011-10-17,51925.61,2011,10,17,0,42,21767.94,48121.66,33120.14571428572
2011-10-18,45277.92,2011,10,18,1,42,51925.61,52537.31,32083.090000000004
2011-10-19,42467.72,2011,10,19,2,42,45277.92,32083.11,33566.60571428572
2011-10-20,60969.14,2011,10,20,3,42,42467.72,37232.47,36957.55857142858
2011-10-21,63173.39,2011,10,21,4,42,60969.14,36294.58,40797.38857142858
2011-10-22,0.0,2011,10,22,5,42,63173.39,0.0,40797.38857142858
2011-10-23,12156.57,2011,10,23,6,42,0.0,21767.94,39424.33571428572
2011-10-24,48335.52,2011,10,24,0,43,12156.57,51925.61,38911.46571428572
2011-10-25,41192.55,2011,10,25,1,43,48335.52,45277.92,38327.84142857143
2011-10-26,37729.47,2011,10,26,2,43,41192.55,42467.72,37650.94857142858
2011-10-27,57201.78,2011,10,27,3,43,37729.47,60969.14,37112.75428571429
2011-10-28,40455.26,2011,10,28,4,43,57201.78,63173.39,33867.30714285715
2011-10-29,0.0,2011,10,29,5,43,40455.26,0.0,33867.30714285715
2011-10-30,34397.95,2011,10,30,6,43,0.0,12156.57,37044.647142857146
2011-10-31,57327.45,2011,10,31,0,44,34397.95,48335.52,38329.20857142857
2011-11-01,29091.9,2011,11,1,1,44,57327.45,41192.55,36600.54428571429
2011-11-02,45690.08,2011,11,2,2,44,29091.9,37729.47,37737.774285714295
2011-11-03,63425.47,2011,11,3,3,44,45690.08,57201.78,38626.872857142866
2011-11-04,62594.590000000004,2011,11,4,4,44,63425.47,40455.26,41789.634285714295
2011-11-05,0.0,2011,11,5,5,44,62594.590000000004,0.0,41789.634285714295
2011-11-06,42513.590000000004,2011,11,6,6,44,0.0,34397.95,42949.01142857143
2011-11-07,85705.3,2011,11,7,0,45,42513.590000000004,57327.45,47002.990000000005
2011-11-08,57557.03,2011,11,8,1,45,85705.3,29091.9,51069.437142857154
2011-11-09,65879.97,2011,11,9,2,45,57557.03,45690.08,53953.70714285715
2011-11-10,70868.0,2011,11,10,3,45,65879.97,63425.47,55016.92571428572
2011-11-11,55107.87,2011,11,11,4,45,70868.0,62594.590000000004,53947.39428571429
2011-11-12,0.0,2011,11,12,5,45,55107.87,0.0,53947.39428571429
2011-11-13,33878.15,2011,11,13,6,45,0.0,42513.590000000004,52713.76000000001
2011-11-14,114237.40000000001,2011,11,14,0,46,33878.15,85705.3,56789.774285714295
2011-11-15,60613.8,2011,11,15,1,46,114237.40000000001,57557.03,57226.45571428572
2011-11-16,65672.53,2011,11,16,2,46,60613.8,65879.97,57196.821428571435
2011-11-17,60901.32,2011,11,17,3,46,65672.53,70868.0,55773.01
2011-11-18,51130.39,2011,11,18,4,46,60901.32,55107.87,55204.798571428575
2011-11-19,0.0,2011,11,19,5,46,51130.39,0.0,55204.798571428575
2011-11-20,34509.21,2011,11,20,6,46,0.0,33878.15,55294.950000000004
2011-11-21,49674.6,2011,11,21,0,47,34509.21,114237.40000000001,46071.692857142865
2011-11-22,63863.48,2011,11,22,1,47,49674.6,60613.8,46535.93285714286
2011-11-23,79847.0,2011,11,23,2,47,63863.48,65672.53,48560.857142857145
2011-11-24,50759.21,2011,11,24,3,47,79847.0,60901.32,47111.98428571429
2011-11-25,50690.4,2011,11,25,4,47,50759.21,51130.39,47049.12857142858
2011-11-26,0.0,2011,11,26,5,47,50690.4,0.0,47049.12857142858
2011-11-27,20279.37,2011,11,27,6,47,0.0,34509.21,45016.29428571429
2011-11-28,56965.73,2011,11,28,0,48,20279.37,49674.6,46057.884285714295
2011-11-29,72384.82,2011,11,29,1,48,56965.73,63863.48,47275.21857142857
2011-11-30,60025.57,2011,11,30,2,48,72384.82,79847.0,44443.58571428572
2011-12-01,52068.63,2011,12,1,3,48,60025.57,50759.21,44630.64571428572
2011-12-02,57476.48,2011,12,2,4,48,52068.63,50690.4,45600.08571428572
2011-12-03,0.0,2011,12,3,5,48,57476.48,0.0,45600.08571428572
2011-12-04,24477.47,2011,12,4,6,48,0.0,20279.37,46199.814285714296
2011-12-05,88620.84,2011,12,5,0,49,24477.47,56965.73,50721.972857142864
2011-12-06,56558.83,2011,12,6,1,49,88620.84,72384.82,48461.11714285715
2011-12-07,75315.55,2011,12,7,2,49,56558.83,60025.57,50645.40000000001
2011-12-08,82371.55,2011,12,8,3,49,75315.55,52068.63,54974.38857142858
2011-12-09,200900.97999999998,2011,12,9,4,49,82371.55,57476.48,75463.60285714285
